{"schemaVersion":16,"addons":[{"id":"TruClient@hp.com","syncGUID":"U3RAmcGNVKQl","location":"app-profile","version":"12.00","type":"extension","internalName":null,"updateURL":null,"updateKey":null,"optionsURL":null,"optionsType":null,"aboutURL":null,"iconURL":"chrome://TruClientUI/content/ui/images/logo.png","icon64URL":null,"defaultLocale":{"name":"HP TruClient","description":"An advanced technology for modern JavaScript based applications (including Ajax) emulating user activity within a web browser.","creator":"HP","homepageURL":null},"visible":true,"active":true,"userDisabled":false,"appDisabled":false,"descriptor":"C:\\Program Files (x86)\\HP\\TruClient\\dat\\FFProfile\\extensions\\TruClient@hp.com","installDate":1441817989951,"updateDate":1441817989951,"applyBackgroundUpdates":1,"bootstrap":false,"size":10341693,"sourceURI":null,"releaseNotesURI":null,"softDisabled":false,"foreignInstall":true,"hasBinaryComponents":true,"strictCompatibility":false,"locales":[],"targetApplications":[{"id":"{ec8030f7-c20a-464f-9b0e-13a3a9e97384}","minVersion":"30.0","maxVersion":"37.*.*"}],"targetPlatforms":[],"multiprocessCompatible":false},{"id":"{972ce4c6-7e08-4474-a285-3208198ce6fd}","syncGUID":"j9r-golyIJaB","location":"app-global","version":"37.0.2","type":"theme","internalName":"classic/1.0","updateURL":null,"updateKey":null,"optionsURL":null,"optionsType":null,"aboutURL":null,"iconURL":null,"icon64URL":null,"defaultLocale":{"name":"Default","description":"The default theme.","creator":"Mozilla","homepageURL":null,"contributors":["Mozilla Contributors"]},"visible":true,"active":true,"userDisabled":false,"appDisabled":false,"descriptor":"C:\\Program Files (x86)\\HP\\TruClient\\bin\\firefox\\browser\\extensions\\{972ce4c6-7e08-4474-a285-3208198ce6fd}","installDate":1441817984810,"updateDate":1441817984810,"applyBackgroundUpdates":1,"skinnable":true,"size":3175,"sourceURI":null,"releaseNotesURI":null,"softDisabled":false,"foreignInstall":false,"hasBinaryComponents":false,"strictCompatibility":true,"locales":[],"targetApplications":[{"id":"{ec8030f7-c20a-464f-9b0e-13a3a9e97384}","minVersion":"37.0.2","maxVersion":"37.0.2"}],"targetPlatforms":[]},{"id":"{D19CA586-DD6C-4a0a-96F8-14644F340D60}","syncGUID":"QeP_JaXNqJdv","location":"winreg-app-global","version":"IDS_SS_VERSION","type":"extension","internalName":null,"updateURL":null,"updateKey":null,"optionsURL":null,"optionsType":null,"aboutURL":null,"iconURL":"chrome://vscore/content/ScriptFF.gif","icon64URL":null,"defaultLocale":{"name":"IDS_SS_NAME","description":null,"creator":"McAfee, Inc.","homepageURL":null},"visible":true,"active":true,"userDisabled":false,"appDisabled":false,"descriptor":"C:\\Program Files (x86)\\Common Files\\McAfee\\SystemCore","installDate":1405328996613,"updateDate":1405328996613,"applyBackgroundUpdates":1,"bootstrap":false,"size":2465552,"sourceURI":null,"releaseNotesURI":null,"softDisabled":false,"foreignInstall":true,"hasBinaryComponents":false,"strictCompatibility":false,"locales":[],"targetApplications":[{"id":"{ec8030f7-c20a-464f-9b0e-13a3a9e97384}","minVersion":"1.5","maxVersion":"9.9"}],"targetPlatforms":[],"multiprocessCompatible":false},{"id":"fiddlerhook@fiddler2.com","syncGUID":"g1tGxefcioN4","location":"winreg-app-global","version":"2.4.9.7","type":"extension","internalName":null,"updateURL":null,"updateKey":null,"optionsURL":null,"optionsType":null,"aboutURL":"chrome://fiddlerhook/content/about.xul","iconURL":"chrome://fiddlerhook/content/fiddlerhook.png","icon64URL":null,"defaultLocale":{"name":"FiddlerHook","description":"Integrate Fiddler into Firefox","creator":"Telerik","homepageURL":"https://fiddler2.com/r/?FIDDLERHOOKHELP"},"visible":true,"active":true,"userDisabled":false,"appDisabled":false,"descriptor":"C:\\Program Files (x86)\\Fiddler2\\FiddlerHook","installDate":1423237256192,"updateDate":1423237256192,"applyBackgroundUpdates":1,"bootstrap":false,"size":33877,"sourceURI":null,"releaseNotesURI":null,"softDisabled":false,"foreignInstall":true,"hasBinaryComponents":false,"strictCompatibility":false,"locales":[],"targetApplications":[{"id":"{ec8030f7-c20a-464f-9b0e-13a3a9e97384}","minVersion":"4.0","maxVersion":"37.*"}],"targetPlatforms":[],"multiprocessCompatible":false}]}