{"schemaVersion":17,"addons":[{"id":"TruClient@hp.com","syncGUID":"aaxy2S1QCmN9","location":"app-profile","version":"12.00","type":"extension","internalName":null,"updateURL":null,"updateKey":null,"optionsURL":null,"optionsType":null,"aboutURL":null,"iconURL":"chrome://TruClientUI/content/ui/images/logo.png","icon64URL":null,"defaultLocale":{"name":"HP TruClient","description":"An advanced technology for modern JavaScript based applications (including Ajax) emulating user activity within a web browser.","creator":"HP","homepageURL":null},"visible":true,"active":true,"userDisabled":false,"appDisabled":false,"descriptor":"C:\\Program Files (x86)\\HP\\Performance Center Server\\dat\\FFProfile\\extensions\\TruClient@hp.com","installDate":1468349097376,"updateDate":1468349097376,"applyBackgroundUpdates":1,"bootstrap":false,"size":11912103,"sourceURI":null,"releaseNotesURI":null,"softDisabled":false,"foreignInstall":true,"hasBinaryComponents":true,"strictCompatibility":false,"locales":[],"targetApplications":[{"id":"{ec8030f7-c20a-464f-9b0e-13a3a9e97384}","minVersion":"30.0","maxVersion":"40.*.*"}],"targetPlatforms":[],"multiprocessCompatible":false,"signedState":0},{"id":"{972ce4c6-7e08-4474-a285-3208198ce6fd}","syncGUID":"EwTLdAk0XsDm","location":"app-global","version":"40.0.3","type":"theme","internalName":"classic/1.0","updateURL":null,"updateKey":null,"optionsURL":null,"optionsType":null,"aboutURL":null,"iconURL":null,"icon64URL":null,"defaultLocale":{"name":"Default","description":"The default theme.","creator":"Mozilla","homepageURL":null,"contributors":["Mozilla Contributors"]},"visible":true,"active":false,"userDisabled":true,"appDisabled":false,"descriptor":"C:\\Program Files (x86)\\HP\\Performance Center Server\\bin\\Firefox\\browser\\extensions\\{972ce4c6-7e08-4474-a285-3208198ce6fd}","installDate":1468348873070,"updateDate":1468348873070,"applyBackgroundUpdates":1,"skinnable":true,"size":23193,"sourceURI":null,"releaseNotesURI":null,"softDisabled":false,"foreignInstall":false,"hasBinaryComponents":false,"strictCompatibility":true,"locales":[],"targetApplications":[{"id":"{ec8030f7-c20a-464f-9b0e-13a3a9e97384}","minVersion":"40.0.3","maxVersion":"40.0.3"}],"targetPlatforms":[]},{"id":"HP.FT.FirefoxAgent.12.51@hp.com","syncGUID":"cAUv-ZYfxTfT","location":"winreg-app-global","version":"12.54.3256.0","type":"extension","internalName":null,"updateURL":null,"updateKey":null,"optionsURL":null,"optionsType":null,"aboutURL":null,"iconURL":null,"icon64URL":null,"defaultLocale":{"name":"HP Functional Testing Agent","description":"Test Web Applications Using Firefox","creator":null,"homepageURL":null},"visible":true,"active":true,"userDisabled":false,"appDisabled":false,"descriptor":"C:\\Program Files (x86)\\HP\\Unified Functional Testing\\\\Installations\\Firefox\\Agent.xpi","installDate":1474369433000,"updateDate":1474369433000,"applyBackgroundUpdates":1,"bootstrap":true,"size":1701530,"sourceURI":null,"releaseNotesURI":null,"softDisabled":false,"foreignInstall":true,"hasBinaryComponents":false,"strictCompatibility":false,"locales":[],"targetApplications":[{"id":"{ec8030f7-c20a-464f-9b0e-13a3a9e97384}","minVersion":"38.0a1","maxVersion":"*"}],"targetPlatforms":[],"multiprocessCompatible":false,"signedState":2}]}