{"chrome://global/content/viewSource.xul":{"viewSource":{"screenX":"10","screenY":"10","width":"1451","height":"862","sizemode":"normal"}},"chrome://browser/content/browser.xul":{"nav-bar":{"currentset":"unified-back-forward-button,urlbar-container,reload-button,stop-button,search-container,downloads-button,,,bookmarks-menu-button,fullscreenflex,window-controls,firebug-button,home-button,bookmarks-menu-button"},"sidebar-title":{"value":"HP TruClient"},"main-window":{"width":"820","height":"992","screenX":"4","screenY":"4","sizemode":"maximized"},"titlebar-placeholder-on-menubar-for-caption-buttons":{"width":"106"},"titlebar-placeholder-on-TabsToolbar-for-captions-buttons":{"width":"106"},"truClientSplitter":{"state":"collapsed"},"truClientSidebarContentBox":{"collapsed":"true"},"navigator-toolbox":{"iconsize":"small"}},"chrome://truclientui/content/ui/detach.xul":{"lrDetachDialog":{"screenX":"0","screenY":"10","width":"526","height":"989"}}}