{"schemaVersion":16,"addons":[{"id":"TruClient@hp.com","syncGUID":"YltmLwQQU_nD","location":"app-profile","version":"12.00","type":"extension","internalName":null,"updateURL":null,"updateKey":null,"optionsURL":null,"optionsType":null,"aboutURL":null,"iconURL":"chrome://TruClientUI/content/ui/images/logo.png","icon64URL":null,"defaultLocale":{"name":"HP TruClient","description":"An advanced technology for modern JavaScript based applications (including Ajax) emulating user activity within a web browser.","creator":"HP","homepageURL":null},"visible":true,"active":true,"userDisabled":false,"appDisabled":false,"descriptor":"C:\\Program Files (x86)\\HP\\TruClient\\dat\\FFProfile\\extensions\\TruClient@hp.com","installDate":1450253496220,"updateDate":1450253496220,"applyBackgroundUpdates":1,"bootstrap":false,"size":10341693,"sourceURI":null,"releaseNotesURI":null,"softDisabled":false,"foreignInstall":true,"hasBinaryComponents":true,"strictCompatibility":false,"locales":[],"targetApplications":[{"id":"{ec8030f7-c20a-464f-9b0e-13a3a9e97384}","minVersion":"30.0","maxVersion":"37.*.*"}],"targetPlatforms":[],"multiprocessCompatible":false},{"id":"{972ce4c6-7e08-4474-a285-3208198ce6fd}","syncGUID":"ADZCeOTB8B-b","location":"app-global","version":"37.0.2","type":"theme","internalName":"classic/1.0","updateURL":null,"updateKey":null,"optionsURL":null,"optionsType":null,"aboutURL":null,"iconURL":null,"icon64URL":null,"defaultLocale":{"name":"Default","description":"The default theme.","creator":"Mozilla","homepageURL":null,"contributors":["Mozilla Contributors"]},"visible":true,"active":true,"userDisabled":false,"appDisabled":false,"descriptor":"C:\\Program Files (x86)\\HP\\TruClient\\bin\\firefox\\browser\\extensions\\{972ce4c6-7e08-4474-a285-3208198ce6fd}","installDate":1450253487040,"updateDate":1450253487040,"applyBackgroundUpdates":1,"skinnable":true,"size":3175,"sourceURI":null,"releaseNotesURI":null,"softDisabled":false,"foreignInstall":false,"hasBinaryComponents":false,"strictCompatibility":true,"locales":[],"targetApplications":[{"id":"{ec8030f7-c20a-464f-9b0e-13a3a9e97384}","minVersion":"37.0.2","maxVersion":"37.0.2"}],"targetPlatforms":[]},{"id":"{D19CA586-DD6C-4a0a-96F8-14644F340D60}","syncGUID":"Q4Fl0kDABFOb","location":"winreg-app-global","version":"15.4.0","type":"extension","internalName":null,"updateURL":null,"updateKey":null,"optionsURL":null,"optionsType":null,"aboutURL":null,"iconURL":"chrome://vscore/content/ScriptFF.gif","icon64URL":null,"defaultLocale":{"name":"McAfee ScriptScan for Firefox","description":null,"creator":"McAfee, Inc.","homepageURL":null},"visible":true,"active":true,"userDisabled":false,"appDisabled":false,"descriptor":"C:\\Program Files (x86)\\Common Files\\McAfee\\SystemCore","installDate":1443089271533,"updateDate":1443089271533,"applyBackgroundUpdates":1,"bootstrap":false,"size":3623288,"sourceURI":null,"releaseNotesURI":null,"softDisabled":false,"foreignInstall":true,"hasBinaryComponents":false,"strictCompatibility":false,"locales":[],"targetApplications":[{"id":"{ec8030f7-c20a-464f-9b0e-13a3a9e97384}","minVersion":"1.5","maxVersion":"9.9"}],"targetPlatforms":[],"multiprocessCompatible":false}]}