<?xml version="1.0" encoding="utf-8"?>
<VugenScriptMetadata>
  <ScriptName>AOS_mobile_login</ScriptName>
  <Protocol>TruClient - Native Mobile</Protocol>
  <ActionFiles>
    <FileEntry Name="vuser_init.c" Filter="2" />
    <FileEntry Name="Action.c" Filter="2" />
    <FileEntry Name="Script-View.c" Filter="2" />
    <FileEntry Name="vuser_end.c" Filter="2" />
  </ActionFiles>
  <GeneralFiles>
    <FileEntry Name="AOS_mobile_login.usr" Filter="4" />
    <FileEntry Name="default.cfg" Filter="4" />
    <FileEntry Name="default.usp" Filter="4" />
    <FileEntry Name="C-functions.c" Filter="2" />
    <FileEntry Name="globals.h" Filter="2" />
    <FileEntry Name="JS-functions.js" Filter="2" />
    <FileEntry Name="ScriptUploadMetadata.xml" Filter="2" />
    <FileEntry Name="Bookmarks.xml" Filter="2" />
    <FileEntry Name="Breakpoints.xml" Filter="2" />
    <FileEntry Name="default.xml" Filter="2" />
    <FileEntry Name="UserTasks.xml" Filter="2" />
    <FileEntry Name="TC.xsl" Filter="2" />
    <FileEntry Name="profiles\" Filter="2" />
    <FileEntry Name="default.cfg.bak" Filter="1" />
    <FileEntry Name="interactive_replay.txt" Filter="1" />
    <FileEntry Name="logfile.log" Filter="1" />
    <FileEntry Name="McRuntime.properties" Filter="1" />
    <FileEntry Name="mdrv.log" Filter="1" />
    <FileEntry Name="mdrvg0f.219.log" Filter="1" />
    <FileEntry Name="mdrvLz8.305.log" Filter="1" />
    <FileEntry Name="mdrvozM.345.log" Filter="1" />
    <FileEntry Name="mdrvRWt.357.log" Filter="1" />
    <FileEntry Name="mdrvS7F.197.log" Filter="1" />
    <FileEntry Name="mdrvuuV.307.log" Filter="1" />
    <FileEntry Name="mdrv_cmd.txt" Filter="1" />
    <FileEntry Name="options.txt" Filter="1" />
    <FileEntry Name="ThumbnailsCache.tmp" Filter="1" />
    <FileEntry Name="_tc2web_.cfg" Filter="1" />
    <FileEntry Name="_tc2web_.cfg.bak" Filter="1" />
    <FileEntry Name="data\" Filter="1" />
    <FileEntry Name="results\" Filter="1" />
    <FileEntry Name="resultSnap\" Filter="1" />
    <FileEntry Name="snapshots\" Filter="1" />
  </GeneralFiles>
</VugenScriptMetadata>