{"chrome://browser/content/browser.xul":{"nav-bar":{"currentset":"unified-back-forward-button,urlbar-container,reload-button,stop-button,search-container,downloads-button,,,bookmarks-menu-button,fullscreenflex,window-controls,firebug-button,home-button,bookmarks-menu-button"},"sidebar-title":{"value":"TruClient - BBC_premTable"},"main-window":{"width":"1421","height":"992","screenX":"166","screenY":"36","sizemode":"maximized"},"titlebar-placeholder-on-menubar-for-caption-buttons":{"width":"106"},"titlebar-placeholder-on-TabsToolbar-for-captions-buttons":{"width":"106"},"navigator-toolbox":{"iconsize":"small"}},"chrome://global/content/viewSource.xul":{"viewSource":{"screenX":"10","screenY":"10","width":"1451","height":"862","sizemode":"normal"}}}