Transaction Name,Flow Name,Packet List Name,Transaction Duration (seconds),Network Time (seconds) ,Throughput Up (KB),Throughput Down (KB),Number of Requests,Errors,Analysis Score (Desktop) ,Analysis Score (Mobile) ,Transaction HTML Report Name
vuser_init_Transaction,,,0.0,0.0,0.0,0.0,0,0,N\A (no HTTP traffic),N\A (no HTTP traffic),report0.html
Action_Transaction,,,5.0,4.9,39.4,1079.5,21,0,87.0,86.5,report1.html
1_transaction,,,2.5,2.3,29.6,965.5,16,0,89.0,88.5,report2.html
2_transaction,,,2.1,0.3,3.1,73.2,3,0,97.5,97.0,report3.html
3_transaction,,,0.0,0.0,0.0,0.0,0,0,N\A (no HTTP traffic),N\A (no HTTP traffic),report4.html
vuser_end_Transaction,,,0.0,0.0,0.0,0.0,0,0,N\A (no HTTP traffic),N\A (no HTTP traffic),report5.html