{"schemaVersion":16,"addons":[{"id":"TruClient@hp.com","syncGUID":"1BbPH8jqW9z1","location":"app-profile","version":"12.00","type":"extension","internalName":null,"updateURL":null,"updateKey":null,"optionsURL":null,"optionsType":null,"aboutURL":null,"iconURL":"chrome://TruClientUI/content/ui/images/logo.png","icon64URL":null,"defaultLocale":{"name":"HP TruClient","description":"An advanced technology for modern JavaScript based applications (including Ajax) emulating user activity within a web browser.","creator":"HP","homepageURL":null},"visible":true,"active":true,"userDisabled":false,"appDisabled":false,"descriptor":"C:\\Program Files (x86)\\HP\\TruClient\\dat\\FFProfile\\extensions\\TruClient@hp.com","installDate":1453373446277,"updateDate":1453373446277,"applyBackgroundUpdates":1,"bootstrap":false,"size":10341693,"sourceURI":null,"releaseNotesURI":null,"softDisabled":false,"foreignInstall":true,"hasBinaryComponents":true,"strictCompatibility":false,"locales":[],"targetApplications":[{"id":"{ec8030f7-c20a-464f-9b0e-13a3a9e97384}","minVersion":"30.0","maxVersion":"37.*.*"}],"targetPlatforms":[],"multiprocessCompatible":false},{"id":"{972ce4c6-7e08-4474-a285-3208198ce6fd}","syncGUID":"tCexYuB1LONj","location":"app-global","version":"37.0.2","type":"theme","internalName":"classic/1.0","updateURL":null,"updateKey":null,"optionsURL":null,"optionsType":null,"aboutURL":null,"iconURL":null,"icon64URL":null,"defaultLocale":{"name":"Default","description":"The default theme.","creator":"Mozilla","homepageURL":null,"contributors":["Mozilla Contributors"]},"visible":true,"active":true,"userDisabled":false,"appDisabled":false,"descriptor":"C:\\Program Files (x86)\\HP\\TruClient\\bin\\firefox\\browser\\extensions\\{972ce4c6-7e08-4474-a285-3208198ce6fd}","installDate":1453373419296,"updateDate":1453373419296,"applyBackgroundUpdates":1,"skinnable":true,"size":3175,"sourceURI":null,"releaseNotesURI":null,"softDisabled":false,"foreignInstall":false,"hasBinaryComponents":false,"strictCompatibility":true,"locales":[],"targetApplications":[{"id":"{ec8030f7-c20a-464f-9b0e-13a3a9e97384}","minVersion":"37.0.2","maxVersion":"37.0.2"}],"targetPlatforms":[]},{"id":"HP.FT.FirefoxAgent.12.50@hp.com","syncGUID":"qT692G3-DzJh","location":"winreg-app-global","version":"12.50.3785.0","type":"extension","internalName":null,"updateURL":null,"updateKey":null,"optionsURL":null,"optionsType":null,"aboutURL":null,"iconURL":null,"icon64URL":null,"defaultLocale":{"name":"HP Functional Testing Agent","description":"Test Web Applications Using Firefox","creator":null,"homepageURL":null},"visible":true,"active":true,"userDisabled":false,"appDisabled":false,"descriptor":"C:\\Program Files (x86)\\HP\\Unified Functional Testing\\\\Installations\\Firefox\\Agent.xpi","installDate":1435797078000,"updateDate":1435797078000,"applyBackgroundUpdates":1,"bootstrap":true,"size":1267191,"sourceURI":null,"releaseNotesURI":null,"softDisabled":false,"foreignInstall":true,"hasBinaryComponents":false,"strictCompatibility":false,"locales":[],"targetApplications":[{"id":"{ec8030f7-c20a-464f-9b0e-13a3a9e97384}","minVersion":"33.0","maxVersion":"40.0"}],"targetPlatforms":[],"multiprocessCompatible":false},{"id":"{5D3F3872-91E9-4d59-AD9F-AA174A3145DD}","syncGUID":"6niTRKa-v23O","location":"winreg-app-global","version":"4.00.33","type":"extension","internalName":null,"updateURL":null,"updateKey":null,"optionsURL":null,"optionsType":null,"aboutURL":null,"iconURL":null,"icon64URL":null,"defaultLocale":{"name":"Logitech Flow Scroll","description":"Smooth scrolling for Logitech mice.","creator":"Logitech Inc.","homepageURL":"http://www.logitech.com/"},"visible":true,"active":true,"userDisabled":false,"appDisabled":false,"descriptor":"C:\\Program Files\\Logitech\\FlowScroll\\LogiSmoothFirefoxExt","installDate":1438864827510,"updateDate":1438864827510,"applyBackgroundUpdates":1,"bootstrap":false,"size":26561,"sourceURI":null,"releaseNotesURI":null,"softDisabled":false,"foreignInstall":true,"hasBinaryComponents":false,"strictCompatibility":false,"locales":[],"targetApplications":[{"id":"{ec8030f7-c20a-464f-9b0e-13a3a9e97384}","minVersion":"6.0a1","maxVersion":"99.0.0.*"}],"targetPlatforms":[],"multiprocessCompatible":false},{"id":"{D19CA586-DD6C-4a0a-96F8-14644F340D60}","syncGUID":"a6mMhZU4ABDf","location":"winreg-app-global","version":"15.4.0","type":"extension","internalName":null,"updateURL":null,"updateKey":null,"optionsURL":null,"optionsType":null,"aboutURL":null,"iconURL":"chrome://vscore/content/ScriptFF.gif","icon64URL":null,"defaultLocale":{"name":"McAfee ScriptScan for Firefox","description":null,"creator":"McAfee, Inc.","homepageURL":null},"visible":true,"active":true,"userDisabled":false,"appDisabled":false,"descriptor":"C:\\Program Files (x86)\\Common Files\\McAfee\\SystemCore","installDate":1443452335456,"updateDate":1443452335456,"applyBackgroundUpdates":1,"bootstrap":false,"size":2835600,"sourceURI":null,"releaseNotesURI":null,"softDisabled":false,"foreignInstall":true,"hasBinaryComponents":false,"strictCompatibility":false,"locales":[],"targetApplications":[{"id":"{ec8030f7-c20a-464f-9b0e-13a3a9e97384}","minVersion":"1.5","maxVersion":"9.9"}],"targetPlatforms":[],"multiprocessCompatible":false},{"id":"web2pdfextension@web2pdf.adobedotcom","syncGUID":"NY8lmWcvF_71","location":"winreg-app-global","version":"2.0","type":"extension","internalName":null,"updateURL":null,"updateKey":null,"optionsURL":null,"optionsType":null,"aboutURL":null,"iconURL":"chrome://web2pdfextension/skin/C_AdobeLogo_48x48.png","icon64URL":"chrome://web2pdfextension/skin/C_AdobeLogo_64x64.png","defaultLocale":{"name":"Adobe Acrobat - Create PDF","description":"Converts a web page to PDF","creator":"Adobe Systems Incorporated","homepageURL":"http://www.adobe.com/"},"visible":true,"active":true,"userDisabled":false,"appDisabled":false,"descriptor":"C:\\Program Files (x86)\\Adobe\\Acrobat 11.0\\Acrobat\\Browser\\WCFirefoxExtn","installDate":1452790267919,"updateDate":1452790267919,"applyBackgroundUpdates":1,"bootstrap":false,"size":335734,"sourceURI":null,"releaseNotesURI":null,"softDisabled":false,"foreignInstall":true,"hasBinaryComponents":false,"strictCompatibility":false,"locales":[],"targetApplications":[{"id":"{ec8030f7-c20a-464f-9b0e-13a3a9e97384}","minVersion":"4.0","maxVersion":"46.0"}],"targetPlatforms":[],"multiprocessCompatible":false}]}