{"chrome://browser/content/browser.xul":{"nav-bar":{"currentset":"unified-back-forward-button,urlbar-container,reload-button,stop-button,search-container,downloads-button,,home-button,bookmarks-menu-button,fullscreenflex,window-controls,firebug-button"},"sidebar-title":{"value":"TruClient - Untitled"},"main-window":{"width":"820","height":"992","screenX":"2421","screenY":"57","sizemode":"maximized"},"navigator-toolbox":{"iconsize":"small"},"titlebar-placeholder-on-menubar-for-caption-buttons":{"width":"106"},"titlebar-placeholder-on-TabsToolbar-for-captions-buttons":{"width":"106"}},"chrome://global/content/viewSource.xul":{"viewSource":{"screenX":"10","screenY":"10","width":"1451","height":"862","sizemode":"normal"}}}